Code Pays,Pays,Code M49,Code ISO2,Code ISO3
2,Afghanistan,4,AF,AFG
5100,Afrique,2,F5100,X06
5104,Afrique australe,18,F5104,F5104
5102,Afrique centrale,17,F5102,F5102
429,Afrique du Nord (Soudan Excl),746,F429,F429
202,Afrique du Sud,710,ZA,ZAF
5105,Afrique occidentale,11,F5105,F5105
5101,Afrique orientale,14,F5101,F5101
5103,Afrique septentrionale,15,F5103,F5103
420,Afrique subsaharienne,202,F420,F420
5810,Afrique subsaharienne (y compris Soudan),738,F5810,F5810
3,Albanie,8,AL,ALB
4,Algérie,12,DZ,DZA
79,Allemagne,276,DE,DEU
78,Allemagne Fr,280,F78,F78
77,Allemagne Nl,278,F77,F77
5204,Amérique centrale,13,F5204,F5204
5208,Amérique du Nord et Europe,513,F5208,F5208
5207,Amérique du Sud,5,F5207,F5207
348,Amérique Latine,420,F348,F348
5205,Amérique latine et Caraïbes,419,F5205,F5205
336,Amérique Nord et Centrale,637,F336,F336
5203,Amérique septentrionale,21,F5203,F5203
5200,Amériques,19,F5200,X21
6,Andorre,20,AD,AND
7,Angola,24,AO,AGO
258,Anguilla,660,AI,AIA
30,Antarctique,10,AQ,ATA
8,Antigua-et-Barbuda,28,AG,ATG
151,Antilles néerlandaises (ex),530,AN,ANT
194,Arabie saoudite,682,SA,SAU
24,Archipel des Chagos,86,IO,IOT
9,Argentine,32,AR,ARG
1,Arménie,51,AM,ARM
22,Aruba,533,AW,ABW
187,"Ascension, Sainte-Hélène et Tristan da Cunha",654,SH,SHN
5300,Asie,142,F5300,F5300
5301,Asie centrale,143,F5301,F5301
5306,Asie centrale et Asie du Sud,62,F5306,F5306
5855,Asie du Sud (Inde Excl),127,F5855,F5855
5304,Asie du Sud-Est,35,F5304,F5304
5303,Asie méridionale,34,F5303,F5303
5305,Asie occidentale,145,F5305,F5305
5308,Asie occidentale et Afrique du Nord,747,F5308,F5308
5302,Asie orientale,30,F5302,F5302
5307,Asie orientale et Asie du Sud-Est,753,F5307,F5307
10,Australie,36,AU,AUS
5501,Australie et Nouvelle-Zélande,53,F5501,F5501
11,Autriche,40,AT,AUT
52,Azerbaïdjan,31,AZ,AZE
12,Bahamas,44,BS,BHS
13,Bahreïn,48,BH,BHR
16,Bangladesh,50,BD,BGD
14,Barbade,52,BB,BRB
57,Bélarus,112,BY,BLR
255,Belgique,56,BE,BEL
15,Belgique-Luxembourg,58,F15,F15
23,Belize,84,BZ,BLZ
53,Bénin,204,BJ,BEN
17,Bermudes,60,BM,BMU
18,Bhoutan,64,BT,BTN
19,Bolivie (État plurinational de),68,BO,BOL
278,"Bonaire, Saint-Eustache et Saba",535,BQ,BES
80,Bosnie-Herzégovine,70,BA,BIH
20,Botswana,72,BW,BWA
21,Brésil,76,BR,BRA
26,Brunéi Darussalam,96,BN,BRN
27,Bulgarie,100,BG,BGR
233,Burkina Faso,854,BF,BFA
29,Burundi,108,BI,BDI
35,Cabo Verde,132,CV,CPV
115,Cambodge,116,KH,KHM
32,Cameroun,120,CM,CMR
33,Canada,124,CA,CAN
5206,Caraïbes,29,F5206,F5206
5857,Caucase et Asie Centrale,135,F5857,F5857
40,Chili,152,CL,CHL
351,Chine,159,F351,F351
96,Chine - RAS de Hong-Kong,344,HK,HKG
128,Chine - RAS de Macao,446,MO,MAC
41,"Chine, continentale",156,CN,CHN
214,"Chine, Taiwan Province de",158,TW,TWN
50,Chypre,196,CY,CYP
44,Colombie,170,CO,COL
45,Comores,174,KM,COM
46,Congo,178,CG,COG
48,Costa Rica,188,CR,CRI
107,Côte d'Ivoire,384,CI,CIV
98,Croatie,191,HR,HRV
49,Cuba,192,CU,CUB
279,Curaçao,531,CW,CUW
54,Danemark,208,DK,DNK
72,Djibouti,262,DJ,DJI
55,Dominique,212,DM,DMA
5829,Eastern Asia (excluding Japan and China),223,F5829,F5829
59,Égypte,818,EG,EGY
60,El Salvador,222,SV,SLV
225,Émirats arabes unis,784,AE,ARE
58,Équateur,218,EC,ECU
178,Érythrée,232,ER,ERI
203,Espagne,724,ES,ESP
63,Estonie,233,EE,EST
209,Eswatini,748,SZ,SWZ
231,États-Unis d'Amérique,840,US,USA
238,Éthiopie,231,ET,ETH
62,Éthiopie RDP,230,F62,F62
5400,Europe,150,F5400,F5400
5403,Europe méridionale,39,F5403,F5403
5404,Europe occidentale,155,F5404,F5404
5401,Europe orientale,151,F5401,F5401
5402,Europe septentrionale,154,F5402,F5402
5777,"Europe, Northern America, Australia and New Zealand",777,,
99029,"FAO Major Fishing Area: Atlantic, Eastern Central (14.4.1)",99029,F99029,F99029
99024,"FAO Major Fishing Area: Atlantic, Northeast (14.4.1)",99024,F99024,F99024
99023,"FAO Major Fishing Area: Atlantic, Northwest (14.4.1)",99023,F99023,F99023
99026,"FAO Major Fishing Area: Atlantic, Southeast (14.4.1)",99026,F99026,F99026
99030,"FAO Major Fishing Area: Atlantic, Southwest (14.4.1)",99030,F99030,F99030
99028,"FAO Major Fishing Area: Atlantic, Western Central (14.4.1)",99028,F99028,F99028
99025,"FAO Major Fishing Area: Indian Ocean, Eastern (14.4.1)",99025,F99025,F99025
99027,"FAO Major Fishing Area: Indian Ocean, Western (14.4.1)",99027,F99027,F99027
99032,FAO Major Fishing Area: Mediterranean and Black Sea (14.4.1),99032,F99032,F99032
99018,"FAO Major Fishing Area: Pacific, Eastern Central (14.4.1)",99018,F99018,F99018
99019,"FAO Major Fishing Area: Pacific, Northeast (14.4.1)",99019,F99019,F99019
99020,"FAO Major Fishing Area: Pacific, Northwest (14.4.1)",99020,F99020,F99020
99031,"FAO Major Fishing Area: Pacific, Southeast (14.4.1)",99031,F99031,F99031
99022,"FAO Major Fishing Area: Pacific, Southwest (14.4.1)",99022,F99022,F99022
99021,"FAO Major Fishing Area: Pacific, Western Central (14.4.1)",99021,F99021,F99021
185,Fédération de Russie,643,RU,RUS
66,Fidji,242,FJ,FJI
67,Finlande,246,FI,FIN
68,France,250,FR,FRA
74,Gabon,266,GA,GAB
75,Gambie,270,GM,GMB
73,Géorgie,268,GE,GEO
271,Géorgie du Sud-et-Îles Sandwich du Sud,239,GS,SGS
81,Ghana,288,GH,GHA
82,Gibraltar,292,GI,GIB
84,Grèce,300,GR,GRC
86,Grenade,308,GD,GRD
85,Groenland,304,GL,GRL
87,Guadeloupe,312,GP,GLP
88,Guam,316,GU,GUM
89,Guatemala,320,GT,GTM
274,Guernesey,831,GG,GGY
90,Guinée,324,GN,GIN
61,Guinée équatoriale,226,GQ,GNQ
175,Guinée-Bissau,624,GW,GNB
91,Guyana,328,GY,GUY
69,Guyane française,254,GF,GUF
93,Haïti,332,HT,HTI
9010,High-income economies,903,F9010,F9010
95,Honduras,340,HN,HND
97,Hongrie,348,HU,HUN
31,Île Bouvet,74,BV,BVT
42,Île Christmas,162,CX,CXR
264,Île de Man,833,IM,IMN
92,Île Heard et Îles McDonald,334,HM,HMD
111,Île Johnston,396,JT,JTN
139,Île Midway,488,MI,MID
161,Île Norfolk,574,NF,NFK
259,Îles Anglo-Normandes,830,F259,CHA
36,Îles Caïmanes,136,KY,CYM
47,Îles Cook,184,CK,COK
284,Îles d'Åland,248,AX,ALA
43,Îles des Cocos (Keeling),166,CC,CCK
65,Îles Falkland (Malvinas),238,FK,FLK
64,Îles Féroé,234,FO,FRO
163,Îles Mariannes du Nord,580,MP,MNP
127,Îles Marshall,584,MH,MHL
232,Îles mineures éloignées des États-Unis,581,UM,UMI
25,Îles Salomon,90,SB,SLB
260,Îles Svalbard-et-Jan Mayen,744,SJ,SJM
224,Îles Turques-et-Caïques,796,TC,TCA
240,Îles Vierges américaines,850,VI,VIR
239,Îles Vierges britanniques,92,VG,VGB
242,Îles Wake,872,WK,WAK
243,Îles Wallis-et-Futuna,876,WF,WLF
5817,Imp Nets Prod Alim Dvpm,902,F5817,F5817
100,Inde,356,IN,IND
101,Indonésie,360,ID,IDN
5823,International Centres (FAO) (2.5.1.a),917,F5823,F5823
102,Iran (République islamique d'),364,IR,IRN
103,Iraq,368,IQ,IRQ
104,Irlande,372,IE,IRL
99,Islande,352,IS,ISL
105,Israël,376,IL,ISR
106,Italie,380,IT,ITA
109,Jamaïque,388,JM,JAM
110,Japon,392,JP,JPN
283,Jersey,832,JE,JEY
112,Jordanie,400,JO,JOR
108,Kazakhstan,398,KZ,KAZ
114,Kenya,404,KE,KEN
113,Kirghizistan,417,KG,KGZ
83,Kiribati,296,KI,KIR
118,Koweït,414,KW,KWT
122,Lesotho,426,LS,LSO
119,Lettonie,428,LV,LVA
121,Liban,422,LB,LBN
123,Libéria,430,LR,LBR
124,Libye,434,LY,LBY
125,Liechtenstein,438,LI,LIE
126,Lituanie,440,LT,LTU
256,Luxembourg,442,LU,LUX
154,Macédoine du Nord,807,MK,MKD
129,Madagascar,450,MG,MDG
131,Malaisie,458,MY,MYS
130,Malawi,454,MW,MWI
132,Maldives,462,MV,MDV
133,Mali,466,ML,MLI
134,Malte,470,MT,MLT
143,Maroc,504,MA,MAR
135,Martinique,474,MQ,MTQ
137,Maurice,480,MU,MUS
136,Mauritanie,478,MR,MRT
270,Mayotte,175,YT,MYT
5502,Mélanésie,54,F5502,F5502
138,Mexique,484,MX,MEX
5503,Micronésie,57,F5503,F5503
145,Micronésie (États fédérés de),583,FM,FSM
140,Monaco,492,MC,MCO
5000,Monde,1,F5000,X01
141,Mongolie,496,MN,MNG
273,Monténégro,499,ME,MNE
142,Montserrat,500,MS,MSR
144,Mozambique,508,MZ,MOZ
28,Myanmar,104,MM,MMR
147,Namibie,516,NA,NAM
148,Nauru,520,NR,NRU
149,Népal,524,NP,NPL
157,Nicaragua,558,NI,NIC
158,Niger,562,NE,NER
159,Nigéria,566,NG,NGA
160,Nioué,570,NU,NIU
162,Norvège,578,NO,NOR
153,Nouvelle-Calédonie,540,NC,NCL
156,Nouvelle-Zélande,554,NZ,NZL
5500,Océanie,9,F5500,F5500
5807,"Océanie, hors Australie et Nouvelle-Zélande",543,F5807,F5807
5873,OECD,198,F5873,F5873
221,Oman,512,OM,OMN
226,Ouganda,800,UG,UGA
235,Ouzbékistan,860,UZ,UZB
165,Pakistan,586,PK,PAK
180,Palaos,585,PW,PLW
299,Palestine,275,PS,PSE
166,Panama,591,PA,PAN
168,Papouasie-Nouvelle-Guinée,598,PG,PNG
169,Paraguay,600,PY,PRY
5858,Pays à faible revenu,904,F5858,F5858
5815,Pays à faible revenu et à déficit vivrier,901,F5815,F5815
5859,Pays à revenu moyen,905,F5859,F5859
5848,Pays Annexe I,907,F5848,F5848
5801,Pays les moins développés,199,F5801,F5801
5849,Pays Non-Annexe I,908,F5849,F5849
5802,Pays sans littoral en voie de développement,432,F5802,F5802
150,Pays-Bas (Royaume des),528,NL,NLD
170,Pérou,604,PE,PER
5803,Petites îles en voie de Développement,722,F5803,F5803
171,Philippines,608,PH,PHL
172,Pitcairn,612,PN,PCN
173,Pologne,616,PL,POL
5504,Polynésie,61,F5504,F5504
70,Polynésie française,258,PF,PYF
177,Porto Rico,630,PR,PRI
174,Portugal,620,PT,PRT
179,Qatar,634,QA,QAT
5600,Región Antarctique,912,F5600,F5600
5600,Région Antarctique,912,F5600,F5600
5822,Regional Centres (FAO) (2.5.1.a),919,F5822,F5822
212,République arabe syrienne,760,SY,SYR
37,République centrafricaine,140,CF,CAF
117,République de Corée,410,KR,KOR
146,République de Moldova,498,MD,MDA
250,République démocratique du Congo,180,CD,COD
120,République démocratique populaire lao,418,LA,LAO
56,République dominicaine,214,DO,DOM
116,République populaire démocratique de Corée,408,KP,PRK
215,République-Unie de Tanzanie,834,TZ,TZA
182,Réunion,638,RE,REU
248,RFS de Yougoslavie,890,F248,F248
183,Roumanie,642,RO,ROU
229,Royaume-Uni de Grande-Bretagne et d'Irlande du Nord,826,GB,GBR
184,Rwanda,646,RW,RWA
205,Sahara occidental,732,EH,ESH
282,Saint-Barthélemy,652,BL,BLM
189,Sainte-Lucie,662,LC,LCA
188,Saint-Kitts-et-Nevis,659,KN,KNA
192,Saint-Marin,674,SM,SMR
281,Saint-Martin (partie française),663,MF,MAF
190,Saint-Pierre-et-Miquelon,666,PM,SPM
94,Saint-Siège,336,VA,VAT
191,Saint-Vincent-et-les Grenadines,670,VC,VCT
244,Samoa,882,WS,WSM
5,Samoa américaines,16,AS,ASM
193,Sao Tomé-et-Principe,678,ST,STP
195,Sénégal,686,SN,SEN
272,Serbie,688,RS,SRB
186,Serbie-et-Monténégro,891,CS,SCG
285,Sercq,680,F285,F285
196,Seychelles,690,SC,SYC
197,Sierra Leone,694,SL,SLE
200,Singapour,702,SG,SGP
280,Sint Maarten (partie néerlandaise),534,SX,SXM
199,Slovaquie,703,SK,SVK
198,Slovénie,705,SI,SVN
201,Somalie,706,SO,SOM
276,Soudan,729,SD,SDN
206,Soudan (ex),736,F206,F206
277,Soudan du Sud,728,SS,SSD
38,Sri Lanka,144,LK,LKA
210,Suède,752,SE,SWE
211,Suisse,756,CH,CHE
207,Suriname,740,SR,SUR
208,Tadjikistan,762,TJ,TJK
39,Tchad,148,TD,TCD
51,Tchécoslovaq,200,F51,F51
167,Tchéquie,203,CZ,CZE
71,Terres australes françaises,260,TF,ATF
164,Territoire des Îles du Pacifique,582,F164,F164
216,Thaïlande,764,TH,THA
176,Timor-Leste,626,TL,TLS
217,Togo,768,TG,TGO
218,Tokélaou,772,TK,TKL
219,Tonga,776,TO,TON
220,Trinité-et-Tobago,780,TT,TTO
222,Tunisie,788,TN,TUN
223,Türkiye,792,TR,TUR
213,Turkménistan,795,TM,TKM
227,Tuvalu,798,TV,TUV
230,Ukraine,804,UA,UKR
5707,Union Européenne (27),97,F5707,F5707
9011,Upper-middle-income economies,906,F9011,F9011
228,URSS,810,F228,F228
234,Uruguay,858,UY,URY
155,Vanuatu,548,VU,VUT
236,Venezuela (République bolivarienne du),862,VE,VEN
237,Viet Nam,704,VN,VNM
5828,"Western Asia (exc. Armenia, Azerbaijan, Cyprus, Israel and Georgia)",485,F5828,F5828
249,Yémen,887,YE,YEM
247,Yemen Dém,720,F247,F247
246,Yémen Rép A,886,F246,F246
251,Zambie,894,ZM,ZMB
181,Zimbabwe,716,ZW,ZWE
